Date,Year,Quarter,Month,GDP,FDI,HHD,COPD,GOVD,GOVE,IMP,EXP,PIR,MLR,WAGE,UNEM,NEER,REER,CCI,PII,BSI,TOUR,BROLP,INDPRO,CAPU,BROMO,FRES,LAB
1993-03-31,1993,Q1,3,1067301.00,,,,,,,,,,,,,,,,,,18.75,,,,,
1993-04-30,1993,,4,,,,,,,,,,,,,,,,,,,18.65,,,,,
1993-05-31,1993,,5,,,,,,,,,,,,,,,,,,,18.50,,,,,
1993-06-30,1993,Q2,6,1039924.00,,,,,,,,,,,,,,,,,,17.65,,,,,
1993-07-31,1993,,7,,,,,,,,,,,,,,,,,,,16.80,,,,,
1993-08-31,1993,,8,,,,,,,,,,,,,,,,,,,16.70,,,,,
1993-09-30,1993,Q3,9,1086494.00,,,,,,,,,,,,,,,,,,16.00,,,,,
1993-10-31,1993,,10,,,,,,,,,,,,,,,,,,,16.60,,,,,
1993-11-30,1993,,11,,,,,,,,,,,,,,,,,,,15.15,,,,,
1993-12-31,1993,Q4,12,1147308.00,,,,,,,,,,,,,,,,,,13.60,,,,,
1994-01-31,1994,,1,,,,,,,,,,,,,127.70,106.86,,,,,14.25,,,,,
1994-02-28,1994,,2,,,,,,,,,,,,,127.60,106.64,,,,,13.80,,,,,
1994-03-31,1994,Q1,3,1179517.00,,,,,,,,,,,,127.31,106.63,,,,,13.95,,,,,
1994-04-30,1994,,4,,,,,,,,,,,,,127.14,105.83,,,,,15.15,,,,,
1994-05-31,1994,,5,,,,,,,,,,,,,126.66,106.29,,,,,16.20,,,,,
1994-06-30,1994,Q2,6,1146232.00,,,,,,,,,,,,126.21,106.23,,,,,16.75,,,,,
1994-07-31,1994,,7,,,,,,,,,,,,,125.30,105.61,,,,,17.60,,,,,
1994-08-31,1994,,8,,,,,,,,,,,,,125.02,105.35,,,,,16.80,,,,,
1994-09-30,1994,Q3,9,1135828.00,,,,,,,,,,,,124.41,105.33,,,,,15.90,,,,,
1994-10-31,1994,,10,,,,,,,,,,,,,123.61,105.23,,,,,16.40,,,,,
1994-11-30,1994,,11,,,,,,,,,,,,,123.68,104.08,,,,,17.20,,,,,
1994-12-31,1994,Q4,12,1226603.00,,,,,,,,,,,,124.22,104.19,,,,,15.96,,,,,
1995-01-31,1995,,1,,,,,,,121960.39,98281.00,,,,,124.35,103.86,,,,,16.63,,,,,
1995-02-28,1995,,2,,,,,,,109138.90,98571.00,,,,,124.26,103.89,,,,,17.08,,,,,
1995-03-31,1995,Q1,3,1265610.00,,,,,,138365.68,126244.00,,,,,122.85,102.85,,,,,17.01,,,,,
1995-04-30,1995,,4,,,,,,,111573.39,98514.00,,,,,120.99,101.09,,,,,18.67,,,,,
1995-05-31,1995,,5,,,,,,,139846.80,117042.00,,,,,121.00,101.89,,,,,18.38,,,,,
1995-06-30,1995,Q2,6,1256367.00,,,,,,135543.28,120967.00,,,,,120.72,102.05,,,,,17.35,,,,,
1995-07-31,1995,,7,,,,,,,130215.44,112181.00,,,,,120.78,102.92,,,,,15.86,,,,,
1995-08-31,1995,,8,,,,,,,142238.99,118967.00,,,,,122.72,105.22,,,,,16.07,,,,,
1995-09-30,1995,Q3,9,1231962.00,,,,,,120132.29,124111.00,,,,,123.80,106.70,,,,,16.78,,,,,
1995-10-31,1995,,10,,,,,,,147350.80,119427.00,,,,,123.46,107.59,,,,,16.12,,,,,
1995-11-30,1995,,11,,,,,,,151019.74,128260.00,,,,,123.86,107.41,,,,,16.88,,,,,
1995-12-31,1995,Q4,12,1314936.00,,,,,,132899.38,119095.00,,,,,124.35,107.74,,,,,17.96,,,,,
1996-01-31,1996,,1,,,,,,,137819.09,110317.00,,,,,125.05,108.06,,,,,17.94,,,,,
1996-02-29,1996,,2,,,,,,,131370.23,114896.00,,,,,125.28,108.34,,,,,17.97,,,,,
1996-03-31,1996,Q1,3,1313862.00,,,,,,146332.20,121081.00,,,,,125.28,108.36,,,,,19.99,,,,,
1996-04-30,1996,,4,,,,,,,140696.85,104774.00,,,,,125.35,107.92,,,,,21.01,,,,,
1996-05-31,1996,,5,,,,,,,141558.15,123088.00,,,,,125.44,108.19,,,,,19.12,,,,,
1996-06-30,1996,Q2,6,1336374.00,,,,,,131443.00,109131.00,,,,,125.65,108.36,,,,,18.27,,,,,
1996-07-31,1996,,7,,,,,,,131721.97,110785.00,,,,,125.50,108.90,,,,,19.61,,,,,
1996-08-31,1996,,8,,,,,,,141250.72,118078.00,,,,,125.38,109.62,,,,,20.58,,,,,
1996-09-30,1996,Q3,9,1323012.00,,,,,,122981.26,112529.00,,,,,125.53,109.57,,,,,22.59,,,,,
1996-10-31,1996,,10,,,,,,,138047.48,116426.00,,,,,125.65,110.54,,,,,24.18,,,,,
1996-11-30,1996,,11,,,,,,,130752.17,120781.00,,,,,125.28,110.21,,,,,22.64,,,,,
1996-12-31,1996,Q4,12,1382117.00,,,,,,125210.15,117016.00,,,,,125.64,110.27,,,,,23.90,,,,,
1997-01-31,1997,,1,,,,,,,140863.02,116895.00,,,,,126.44,110.45,,,,,23.47,,,5215536.00,,
1997-02-28,1997,,2,,,,,,,115816.80,109171.00,,,,,127.49,111.66,,,,,20.83,,,5217369.00,,
1997-03-31,1997,Q1,3,1318993.00,,,,,,134739.20,126548.00,,,,,127.94,112.66,,,,,19.21,,,5241102.00,,
1997-04-30,1997,,4,,,,,,,137121.80,110912.00,,,,,128.31,112.18,,,,,17.47,,,5286083.00,,
1997-05-31,1997,,5,,,,,,,124659.08,123251.00,,,,,128.59,112.77,,,,,19.14,,,5286604.00,,
1997-06-30,1997,Q2,6,1309139.00,,,,,,128464.20,119488.00,,,,,135.40,118.73,,,,,17.55,,,5237182.00,,
1997-07-31,1997,,7,,,,,,,142932.96,142950.00,,,,,111.55,98.86,,,,,18.40,,,5237686.00,,
1997-08-31,1997,,8,,,,,,,156090.18,155213.00,,,,,105.29,95.63,,,,,18.71,,,5077804.00,,
1997-09-30,1997,Q3,9,1282881.00,,,,,,155857.96,180543.00,,,,,97.79,88.91,,,,,18.45,,,5120878.00,,
1997-10-31,1997,,10,,,,,,,151712.21,192708.00,,,,,92.96,85.41,,,,,19.85,,,5203451.00,,
1997-11-30,1997,,11,,,,,,,138949.30,187697.00,,,,,90.19,83.31,,,,,19.00,,,5252271.00,,
1997-12-31,1997,Q4,12,1296888.00,,,,,,160098.87,224457.00,,,,,83.42,77.00,,,,,17.00,,,5354371.00,,
1998-01-31,1998,,1,,,,,,,162930.16,225186.00,,,,,72.76,67.27,,,,,15.09,,,5433748.00,,
1998-02-28,1998,,2,,,,,,,133511.16,201087.00,,,,,82.21,76.31,,,,,14.06,,,5451144.00,,
1998-03-31,1998,Q1,3,1244216.00,,,,,,132767.99,194266.00,,,,,91.48,85.49,,,,,13.08,,,5471477.00,,
1998-04-30,1998,,4,,,,,,,125841.36,167744.00,,,,,94.46,88.39,,,,,13.39,,,5490948.00,,
1998-05-31,1998,,5,,,,,,,113306.83,164193.00,,,,,96.63,90.69,,,,,14.39,,,5501618.00,,
1998-06-30,1998,Q2,6,1145060.00,,,,,,136266.74,189985.00,,,,,91.86,86.59,,,,,12.06,,,5538233.00,,
1998-07-31,1998,,7,,,,,,,134249.92,187549.00,,,,,94.28,89.22,,,,,12.01,,,5613876.00,,
1998-08-31,1998,,8,,,,,,,123268.07,175519.00,,,,,94.02,89.22,,,,,11.88,,,5679607.00,,
1998-09-30,1998,Q3,9,1155997.00,,,,,,116615.29,180487.00,,,,,94.50,89.25,,,,,13.36,,,5755491.00,,
1998-10-31,1998,,10,,,,,,,116716.71,171162.00,,,,,96.23,90.79,,,,,12.56,,,5809432.00,,
1998-11-30,1998,,11,,,,,,,109592.77,159459.00,,,,,100.25,93.87,,,,,10.92,,,5815085.00,,
1998-12-31,1998,Q4,12,1265055.00,,,,,,107390.49,164445.00,,,,,100.00,93.49,,,,,9.80,,,5858631.00,,
1999-01-31,1999,,1,,,,,,,103800.12,145324.00,,,,,98.81,92.12,,,,,11.06,,,5828028.00,874089.53,
1999-02-28,1999,,2,,,,,,,104528.58,150927.00,,,,,98.80,92.34,,,45.30,,10.20,,,5873479.00,886961.66,
1999-03-31,1999,Q1,3,1259716.00,,,,,,125221.18,173602.00,,,,,98.93,92.20,,,45.50,,12.47,,,5882111.00,952436.71,
1999-04-30,1999,,4,,,,,,,123569.98,164205.00,,,,,98.46,90.77,,,49.10,,15.30,,,5882531.00,982350.79,
1999-05-31,1999,,5,,,,,,,119573.03,168610.00,,,,,100.25,92.16,,,51.90,,15.14,,,5931399.00,1007087.85,
1999-06-30,1999,Q2,6,1206997.00,,,,,,143748.29,175199.00,,,,,100.47,92.41,,,50.80,,15.77,,,5850856.00,1034526.90,
1999-07-31,1999,,7,,,,,,,129223.89,181161.00,,,,,99.67,92.19,,,50.90,,19.01,,,5872974.00,1065423.96,
1999-08-31,1999,,8,,,,,,,140364.98,184433.00,,,,,96.21,89.27,,,50.30,,20.22,,,5880561.00,1112760.51,
1999-09-30,1999,Q3,9,1246015.00,,,,,,155461.33,197213.00,,,,,91.07,84.44,,,50.00,,22.40,,,5886752.00,1203784.66,
1999-10-31,1999,,10,,,,,,,153550.31,210617.00,,,,,91.33,84.86,,,49.90,,21.95,,,5902870.00,1137377.27,
1999-11-30,1999,,11,,,,,,,164160.76,198496.00,,,,,93.14,86.52,,,52.10,,24.59,,,5931589.00,1160175.42,
1999-12-31,1999,Q4,12,1317543.00,,,,,,158501.47,200262.00,,,,,94.55,88.13,,,52.20,,25.59,,,5964477.00,1123620.33,
2000-01-31,2000,,1,,,,,,,134100.39,195606.00,,,,,96.80,89.80,,,53.20,,25.38,,,5944919.00,1102656.63,
2000-02-29,2000,,2,,,,,,,189777.52,201378.00,,,,,97.28,90.54,,,52.00,,27.70,,,5973169.00,1111618.92,
2000-03-31,2000,Q1,3,1346757.00,,,,,,160379.56,212943.00,,,,,96.80,90.01,,,52.00,,27.47,,,5958206.00,1116695.11,
2000-04-30,2000,,4,,,,,,,159586.70,194801.00,,,,,96.92,89.41,,,49.00,,22.54,,,5962457.00,1123063.66,
2000-05-31,2000,,5,,,,,,,162543.26,201025.00,,,,,96.26,88.91,,,51.00,,27.34,,,5953472.00,1160610.41,
2000-06-30,2000,Q2,6,1279194.00,,,,,,190931.34,212289.00,,,,,94.91,87.73,,,50.30,,29.68,,,5960351.00,1173749.31,
2000-07-31,2000,,7,,,,,,,193212.72,240672.00,,,,,92.84,86.16,,,46.40,,28.53,,,6002308.00,1238240.59,
2000-08-31,2000,,8,,,,,,,217485.63,247859.00,,,,,91.87,85.74,23.06,,46.90,,29.43,,,6053081.00,1233168.40,
2000-09-30,2000,Q3,9,1276273.00,,,,,,201950.66,248126.00,,,,,90.39,84.29,21.47,,45.60,,32.62,,,6080701.00,1273815.52,
2000-10-31,2000,,10,,,,,,,229959.41,265697.00,,,,,88.62,82.32,20.37,,46.90,,30.93,,,6165012.00,1325948.07,
2000-11-30,2000,,11,,,,,,,219930.32,262833.00,,,,,88.07,81.53,23.33,,48.30,,32.52,,,6168750.00,1326265.39,
2000-12-31,2000,Q4,12,1352158.00,,,,,,205716.19,247714.00,,,,,89.01,82.37,23.51,,50.50,,25.13,,,6203418.00,1320786.91,
2001-01-31,2001,,1,,,,,,,206994.61,217142.00,,,,,89.24,82.15,28.35,,48.70,,25.64,,,6249154.00,1307207.65,
2001-02-28,2001,,2,,,,,,,187088.34,219391.00,,,,,90.47,83.98,27.96,,47.70,,27.41,,,6269772.00,1332155.09,
2001-03-31,2001,Q1,3,1378078.00,,,,,,227121.09,255358.00,,,,,89.33,82.79,28.64,,48.40,,24.40,,,6303064.00,1348819.05,
2001-04-30,2001,,4,,,,,,,197623.46,214400.00,,,,,87.32,80.93,22.11,,45.30,,25.64,,,6333728.00,1366559.15,
2001-05-31,2001,,5,,,,,,,220930.75,250788.00,,,,,87.16,80.97,17.20,,47.30,,28.45,,,6332810.00,1353275.00,
2001-06-30,2001,Q2,6,1326723.00,,,,,,202954.28,243388.00,,,,,88.30,81.75,21.63,,45.00,,27.72,,,6317791.00,1331264.47,
2001-07-31,2001,,7,,,,,,,211830.00,234328.00,,,,,87.81,81.72,23.68,,43.30,,24.54,,,6345750.00,1371074.23,
2001-08-31,2001,,8,,,,,,,196609.79,249026.00,,,,,87.32,81.16,29.91,,44.50,,25.70,,,6384900.00,1352962.74,
2001-09-30,2001,Q3,9,1322686.00,,,,,,199138.05,232799.00,,,,,88.12,82.06,18.31,,41.70,,25.54,,,6426245.00,1361271.30,
2001-10-31,2001,,10,,,,,,,203688.88,235853.00,,,,,88.26,81.94,20.26,,43.60,,20.48,,,6464136.00,1385656.32,
2001-11-30,2001,,11,,,,,,,203070.78,234123.00,,,,,89.42,82.65,24.63,,45.40,,18.94,,,6531401.00,1377663.99,
2001-12-31,2001,Q4,12,1407869.00,,,,,,172457.11,215934.00,,,,,91.11,84.21,30.94,,47.80,,18.60,,,6561477.00,1369573.92,
2002-01-31,2002,,1,,,,,,,194083.41,206932.00,,,,,91.88,84.51,30.81,,49.20,,19.49,,,6487866.00,1401975.31,
2002-02-28,2002,,2,,,,,,,165668.32,207270.00,,,,,92.56,85.21,37.54,,49.90,,20.29,,,6550820.00,1408580.85,
2002-03-31,2002,Q1,3,1441030.00,,,,,,204016.57,239730.00,,,,,92.89,85.62,32.34,,53.50,,23.69,,,6560345.00,1392524.10,
2002-04-30,2002,,4,,,,,,,197185.26,206860.00,,,,,92.36,85.03,33.19,,50.70,,25.65,,,6601886.00,1423376.94,
2002-05-31,2002,,5,,,,,,,203618.58,246222.00,,,,,92.02,84.73,38.20,,52.80,,25.39,,,6603044.00,1455026.43,
2002-06-30,2002,Q2,6,1411214.00,,,,,,199322.38,232337.00,,,,,92.03,84.52,42.03,,50.70,,24.13,,,6591390.00,1491301.15,
2002-07-31,2002,,7,,,,,,,210861.37,223736.00,,,,,92.41,85.17,49.23,,51.90,,25.77,,,6621959.00,1566520.15,
2002-08-31,2002,,8,,,,,,,220198.85,250831.00,,,,,91.03,83.89,47.65,,50.90,,26.63,,,6718939.00,1589539.64,
2002-09-30,2002,Q3,9,1414291.00,,,,,,205960.99,260506.00,,,,,90.00,83.20,50.99,,49.50,,28.34,,,6475300.00,1596314.27,
2002-10-31,2002,,10,,,,,,,224477.85,268301.00,,,,,88.90,82.68,53.65,,51.50,,27.55,,,6515120.00,1591492.23,
2002-11-30,2002,,11,,,,,,,225797.86,261911.00,,,,,88.67,81.76,53.27,,51.00,,24.18,,,6601101.00,1626047.12,
2002-12-31,2002,Q4,12,1503042.00,,,,,,193481.18,233027.00,,,,,88.31,81.57,50.47,,50.20,,28.52,,,6647163.00,1658706.97,
2003-01-31,2003,,1,,,,,,,230507.59,249102.00,,,,,88.18,81.50,46.10,,51.60,,31.25,,,6708683.00,1729013.09,
2003-02-28,2003,,2,,,,,,,202029.98,252685.00,,,,,87.85,81.05,48.30,,50.30,,32.65,,,6744624.00,1693547.49,
2003-03-31,2003,Q1,3,1550742.00,,2400925.00,,,,231296.01,268411.00,,,,,88.08,81.11,42.69,,51.80,,30.34,,,6764476.00,1637486.11,
2003-04-30,2003,,4,,,,,,,220229.96,249966.00,,,,,87.75,80.80,40.30,,46.70,,25.02,,,6753484.00,1649914.23,
2003-05-31,2003,,5,,,,,,,226882.23,274090.00,,,,,87.30,80.82,49.70,,49.50,,25.81,,,6813449.00,1716161.48,
2003-06-30,2003,Q2,6,1500109.00,,2476645.00,,,,216069.02,267407.00,,,,,88.20,81.42,50.60,,49.50,,27.55,,,6789067.00,1747211.59,
2003-07-31,2003,,7,,,,,,,241603.67,266746.00,,,,,88.52,82.08,54.80,,48.20,,28.40,,,6815584.00,1665734.39,
2003-08-31,2003,,8,,,,,,,231852.15,266368.00,,,,,89.34,83.08,59.00,,49.00,,29.83,,,6854811.00,1658122.98,
2003-09-30,2003,Q3,9,1511005.00,,2554667.00,,,,228399.13,279661.00,,,,,91.06,84.41,60.40,,49.40,,27.10,,,6874544.00,1710865.54,
2003-10-31,2003,,10,,,,,,,254715.80,289522.00,,,,,90.90,84.33,63.60,,50.80,,29.59,,,6907898.00,1737751.49,
2003-11-30,2003,,11,,,,,,,232320.14,284357.00,,,,,90.41,83.68,62.10,,51.10,,28.77,,,7036853.00,1782801.12,
2003-12-31,2003,Q4,12,1622511.00,,2668149.00,,,,253800.60,284801.00,,,,,89.65,83.06,60.90,,52.50,,29.93,,,7062081.00,1874659.49,
2004-01-31,2004,,1,,,,,,,241296.63,268726.30,,,,,90.13,83.15,60.70,,50.40,,31.18,,,7151426.00,1933024.09,
2004-02-29,2004,,2,,,,,,,232511.92,281751.79,,,,,89.95,83.66,56.00,,50.40,,30.87,,,7193707.00,1973928.83,
2004-03-31,2004,Q1,3,1651929.00,,2759776.00,,,,292681.75,308662.63,,,,,90.09,83.74,49.10,,50.90,,33.80,,,7217180.00,1979241.65,
2004-04-30,2004,,4,,,,,,,262968.52,278360.02,,,,,90.25,83.76,47.00,,50.20,,33.36,,,7310834.00,1968976.75,
2004-05-31,2004,,5,,,,,,,285080.47,318967.87,,,,,88.98,82.71,42.00,,49.70,,37.92,,,7321220.00,1967703.33,
2004-06-30,2004,Q2,6,1594896.00,,2854593.00,,,,297060.64,332983.63,,,,,87.84,81.65,39.10,,49.50,,35.19,,,7237815.00,1991145.41,
2004-07-31,2004,,7,,,,,,,285184.03,322407.96,,,,,87.20,81.38,43.40,,48.30,,38.37,,,7340029.00,1995026.45,
2004-08-31,2004,,8,,,,,,,311983.67,334134.32,,,,,86.40,80.93,37.90,,46.60,,43.03,,,7348971.00,2011618.74,
2004-09-30,2004,Q3,9,1596306.00,,2941854.00,,,,294546.28,345625.75,,,,,86.32,81.02,35.10,,47.50,,43.38,,,7379786.00,2023793.60,
2004-10-31,2004,,10,,,,,,,303279.73,360312.33,,,,,85.90,80.44,41.90,,47.40,,49.82,,,7416414.00,2035609.92,
2004-11-30,2004,,11,,,,,,,318532.36,342703.46,,,,,86.06,80.09,41.80,,48.20,,43.05,,,7482510.00,2081847.19,
2004-12-31,2004,Q4,12,1730192.00,,3038630.00,,,,264993.36,328165.50,,,,,87.57,81.65,44.30,,48.40,,39.64,,,7470897.00,2126155.59,
2005-01-31,2005,,1,,,,,1793024.09,,318709.98,297033.90,2.00,4.73,,,89.81,85.66,45.60,,48.50,,44.28,,,7549213.00,2095408.01,
2005-02-28,2005,,2,,,,,1790030.01,,283470.90,294853.30,2.00,4.63,,,90.58,86.68,51.50,,47.10,,45.56,,,7605134.00,2170916.53,
2005-03-31,2005,Q1,3,1715539.00,,3128253.00,,1808149.80,,362234.44,363437.77,2.25,4.62,,,90.02,86.70,41.00,,46.40,,53.08,,,7564052.00,2199312.24,
2005-04-30,2005,,4,,,,,1789608.70,,350792.53,322827.11,2.25,4.51,,,88.61,85.58,24.50,,46.20,,51.86,,,7573536.00,2219709.03,
2005-05-31,2005,,5,,,,,1798385.44,,376480.92,358726.59,2.25,4.36,,,88.07,85.40,27.90,,46.60,,48.67,,,7584578.00,2182568.11,
2005-06-30,2005,Q2,6,1663994.00,,3206866.00,,1776122.97,,401110.08,374958.03,2.50,4.38,,,86.76,84.41,23.70,,45.20,,54.31,,,7539978.00,2146702.23,
2005-07-31,2005,,7,,,,,1804957.26,,364191.95,392663.58,2.75,4.51,,,85.84,84.84,13.20,,44.20,,57.58,,,7617651.00,2143202.01,
2005-08-31,2005,,8,,,,,1818490.85,,382410.20,414542.83,2.75,4.64,,,86.22,85.68,22.60,,44.10,,64.09,,,7674578.00,2165306.63,
2005-09-30,2005,Q3,9,1672102.00,,3312364.00,,1826994.39,,350634.23,421758.25,3.25,4.77,,,86.71,86.49,13.80,,44.30,,62.98,,,7739380.00,2135081.74,
2005-10-31,2005,,10,,,,,1814618.90,,359909.81,386765.65,3.75,4.99,,,87.94,87.60,19.70,,45.10,,58.52,,,7751194.00,2155721.16,
2005-11-30,2005,,11,,,,,1817367.77,,364006.29,397003.27,3.75,5.10,,,88.29,87.26,24.80,,45.50,,55.54,,,7878283.00,2201450.61,
2005-12-31,2005,Q4,12,1796955.00,,3432466.00,,1857322.44,,350486.30,382102.83,4.00,5.35,,,87.97,86.94,29.40,,45.90,,56.75,,,7926411.00,2293817.68,
2006-01-31,2006,,1,,,,,1883445.26,,326261.76,346927.94,4.25,5.55,,,89.90,88.19,26.30,,45.20,,63.57,,,8112463.00,2310189.03,
2006-02-28,2006,,2,,,,,1903435.49,,334076.79,369611.88,4.25,5.65,,,90.67,89.24,25.80,,45.00,,59.92,,,8146834.00,2315298.24,
2006-03-31,2006,Q1,3,1810063.00,,3513240.00,,1915874.70,,368586.47,421488.30,4.50,5.94,,,91.52,90.81,17.60,,44.80,,62.25,,,8211430.00,2301759.31,
2006-04-30,2006,,4,,,,,1926934.62,,329401.47,344913.23,4.75,6.18,,,93.13,92.83,14.70,,43.50,,70.44,,,8281136.00,2336598.70,
2006-05-31,2006,,5,,,,,1943056.05,,392009.64,403677.19,4.75,6.26,,,91.45,91.54,12.30,,43.80,,70.19,,,8347457.00,2403378.23,
2006-06-30,2006,Q2,6,1738304.00,,3513030.00,,1937777.33,,385019.16,410683.02,5.00,6.30,,,91.77,91.76,12.80,,43.70,,68.86,,,8241849.00,2403707.88,
2006-07-31,2006,,7,,,,,1952938.43,,384658.01,417578.68,5.00,6.37,,,92.53,92.87,13.50,,43.10,,73.90,,,8325859.00,2414468.08,
2006-08-31,2006,,8,,,,,1956298.49,,387408.35,438798.10,5.00,6.48,,,93.18,93.50,15.20,,43.00,,73.61,,,8396950.00,2446639.10,
2006-09-30,2006,Q3,9,1746759.00,,3633308.00,,1967703.88,,348270.08,439699.51,5.00,6.48,,,93.94,93.99,18.00,,43.50,,62.77,,,8404508.00,2458704.33,
2006-10-31,2006,,10,,,,,1970204.34,,358080.65,422310.01,5.00,6.62,,,94.52,94.96,27.80,,44.60,,58.38,,,8438367.00,2483105.67,
2006-11-30,2006,,11,,,,,1960767.75,,357082.97,428212.54,5.00,6.65,,,95.60,95.78,29.80,,45.70,,58.48,,,8578218.00,2628658.41,
2006-12-31,2006,Q4,12,1893689.00,,3730428.00,,1954083.65,,353249.49,394341.34,5.00,6.65,,,96.63,96.55,26.90,,45.00,,62.31,,,8572506.00,2664657.60,
2007-01-31,2007,,1,,,,,1968749.55,,313677.27,366027.55,4.75,6.71,,,96.92,95.97,24.00,,43.90,,54.30,,,8679773.00,2662665.64,
2007-02-28,2007,,2,,,,,1992204.99,,326371.67,389032.00,4.50,6.68,,,97.37,95.98,23.70,,42.90,,57.76,,,8817552.00,2718467.34,
2007-03-31,2007,Q1,3,1928792.00,,3772309.00,,2056327.10,,340998.43,441796.60,4.50,6.53,,,98.60,97.62,17.80,,43.60,,62.14,,,8889367.00,2774455.42,
2007-04-30,2007,,4,,,,,2046131.53,,340129.35,369858.02,4.00,6.33,,,98.43,97.79,17.70,,39.30,,67.40,,,8946398.00,2794007.26,
2007-05-31,2007,,5,,,,,2065656.68,,377023.02,433691.31,3.50,6.14,,,99.03,98.85,17.90,,44.00,,67.48,,,9017526.00,2802126.03,
2007-06-30,2007,Q2,6,1829463.00,,3860967.00,,2031575.40,,359263.06,434852.38,3.50,6.02,,,99.42,99.02,16.70,,43.00,,71.32,,,8906872.00,2846634.92,
2007-07-31,2007,,7,,,,,2035057.24,,346425.58,399095.53,3.25,5.93,,,101.04,100.55,13.30,,40.70,,77.20,,,9011081.00,2912335.72,
2007-08-31,2007,,8,,,,,2044675.89,,398259.54,474729.88,3.25,5.84,,,99.61,98.41,14.70,,43.40,,70.80,,,9005629.00,3018490.73,
2007-09-30,2007,Q3,9,1842192.00,,3936921.00,,2051363.26,,344594.31,458230.15,3.25,5.79,,,98.52,97.82,15.20,,44.50,,77.13,,,8986597.00,3200419.30,
2007-10-31,2007,,10,,,,,2042415.33,,397267.08,499229.42,3.25,5.77,,,97.47,97.02,16.60,,44.80,,82.86,,,9041266.00,3368334.79,
2007-11-30,2007,,11,,,,,2049743.42,,384227.64,495235.72,3.25,5.74,,,96.77,96.18,13.50,,45.60,,92.53,,,9063783.00,3480348.31,
2007-12-31,2007,Q4,12,1979091.00,,4024624.00,,2051607.21,,367176.56,450429.50,3.25,5.70,,,97.86,97.20,18.30,,44.50,,91.45,,,9108515.00,3592351.15,
2008-01-31,2008,,1,,,,,2095908.89,,407715.81,460200.60,3.25,5.70,,,98.06,97.23,16.70,,45.60,,91.92,,,9186191.00,3783200.13,
2008-02-29,2008,,2,,,,,2107861.98,,395485.02,424135.22,3.25,5.65,,,99.17,98.51,18.00,,44.80,,94.82,,,9322377.00,3944983.88,
2008-03-31,2008,Q1,3,1992940.00,,4071112.00,,2140502.53,,403010.37,464165.59,3.25,5.62,,,100.51,100.04,17.90,,47.30,,103.28,,,9392113.00,4123825.36,
2008-04-30,2008,,4,,,,,2178065.52,,431030.07,433651.28,3.25,5.63,,,99.94,100.54,12.20,,43.00,,110.19,,,9420360.00,4124353.29,
2008-05-31,2008,,5,,,,,2180813.45,,403979.54,503615.10,3.25,5.72,,,99.10,101.16,9.40,,43.90,,123.94,,,9432847.00,4140704.41,
2008-06-30,2008,Q2,6,1893939.00,,4191455.00,,2158779.58,,466743.14,547770.17,3.25,5.88,,,96.30,98.70,8.60,,40.90,,133.05,,,9295104.00,4156072.23,
2008-07-31,2008,,7,,,,,2127597.88,,530317.43,575297.04,3.50,5.92,,,94.92,97.32,7.80,,41.50,,133.87,,,9271966.00,4063172.01,
2008-08-31,2008,,8,,,,,2133491.64,,500457.16,543012.05,3.75,5.98,,,95.97,95.49,9.90,,40.70,,113.85,,,9397167.00,3994313.89,
2008-09-30,2008,Q3,9,1883585.00,,4274826.00,,2162110.65,,477867.40,550982.87,3.75,6.06,,,96.37,96.24,11.50,,41.00,,99.06,,,9408537.00,3937795.35,
2008-10-31,2008,,10,,,,,2130526.56,,494432.12,515597.53,3.75,6.15,,,98.49,97.21,11.70,,38.30,,72.84,,,9520561.00,3914282.18,
2008-11-30,2008,,11,,,,,2127405.48,,398373.49,409845.05,3.75,6.21,,,98.41,96.35,10.10,,34.40,,53.24,,,9725612.00,3992175.68,
2008-12-31,2008,Q4,12,1939874.00,,4348866.00,,2134734.27,,346133.38,402813.28,2.75,5.82,,,96.45,93.41,10.20,,36.90,,41.58,,,9943157.00,4116632.10,
2009-01-31,2009,,1,,,,123960.57,2208496.54,190567.00,277743.41,364133.30,2.00,5.60,,,97.22,93.61,13.10,,36.30,,44.86,,,10044057.00,4076621.21,
2009-02-28,2009,,2,,,,117427.49,2286941.97,143956.00,246252.82,408771.20,1.50,5.43,,,97.97,95.39,13.00,,37.40,,43.24,,,10202715.00,4218501.35,
2009-03-31,2009,Q1,3,1907673.00,198286.00,4419636.00,125122.75,2364782.94,182244.00,302789.86,409821.19,1.50,5.20,,,97.62,95.41,10.10,,40.00,,46.84,,,10231803.00,4254634.16,
2009-04-30,2009,,4,,,,74292.65,2445784.05,141127.00,316759.45,366556.67,1.25,5.04,,,97.14,95.65,10.60,,39.20,,50.85,,,10264378.00,4246581.84,
2009-05-31,2009,,5,,,,109115.67,2478360.74,143220.00,291749.57,401238.51,1.25,4.91,,,97.07,95.19,11.50,,45.40,,57.94,,,10297551.00,4386313.74,
2009-06-30,2009,Q2,6,1836030.00,268157.00,4551292.00,142740.05,2466914.79,139299.00,345745.30,417190.14,1.25,4.84,,,97.50,95.99,10.80,,46.30,,68.62,,,10132924.00,4408885.92,
2009-07-31,2009,,7,,,,161460.20,2589541.99,163937.00,371619.11,437181.74,1.25,4.53,,,97.32,95.87,10.10,,45.00,,64.91,,,10003328.00,4582434.91,
2009-08-31,2009,,8,,,,166329.03,2609361.99,122433.00,339375.31,450463.60,1.25,4.50,,,96.89,95.66,10.20,,46.10,,72.50,,,10106721.00,4751834.10,
2009-09-30,2009,Q3,9,1874133.00,193893.00,4655146.00,148371.09,2586513.18,172616.00,394149.71,500987.49,1.25,4.47,,,96.18,95.17,14.80,,49.00,,67.69,,,10111451.00,4921165.38,
2009-10-31,2009,,10,,,,157904.51,2584012.36,95378.00,396027.32,490464.84,1.25,4.47,,,95.97,94.97,18.00,,50.30,,73.19,,,10179589.00,5025781.37,
2009-11-30,2009,,11,,,,160092.50,2579596.03,182215.00,386896.58,457664.87,1.25,4.40,,,95.84,94.80,16.70,,49.00,,77.04,,,10346188.00,5158182.50,
2009-12-31,2009,Q4,12,2039253.00,270054.00,4854608.00,176674.92,2588126.45,172237.00,448034.25,485449.51,1.25,4.35,,,96.64,95.41,20.70,,50.40,,74.67,,,10616239.00,5140207.97,
2010-01-31,2010,,1,,,,184998.65,2645017.65,148848.00,395494.75,445535.14,1.25,4.34,,,97.40,95.96,27.40,88.50,50.40,2340.00,76.37,,,10601551.00,5137359.31,
2010-02-28,2010,,2,,,,213554.84,2713303.09,182589.00,420808.69,468873.12,1.25,4.33,,,98.01,97.00,24.90,87.60,51.30,2701.00,74.31,,,10683909.00,5104534.04,
2010-03-31,2010,Q1,3,2139668.00,255869.00,5008771.00,220757.67,2762302.71,149985.00,460213.29,522220.86,1.25,4.32,,,99.54,98.59,19.30,98.90,55.70,2193.00,79.27,,,10855023.00,5075608.37,
2010-04-30,2010,,4,,,,185996.29,2773935.86,128096.00,422503.26,444986.26,1.25,4.31,,,100.22,99.45,15.30,86.70,46.00,2065.00,84.98,,,10831395.00,5155556.82,
2010-05-31,2010,,5,,,,141368.63,2806656.27,104038.00,422432.29,531194.56,1.25,4.31,,,101.54,100.76,13.10,92.20,49.90,2492.00,76.25,,,11001115.00,5091718.43,
2010-06-30,2010,Q2,6,2000920.00,171566.00,5176212.00,161859.08,2864686.73,134691.00,458114.58,579414.34,1.25,4.27,,,101.79,101.36,19.90,102.80,52.10,2748.00,74.84,,,10845954.00,5151063.64,
2010-07-31,2010,,7,,,,193785.40,2909606.65,142491.00,483787.61,498616.14,1.50,4.38,,,100.37,100.07,21.20,96.60,50.40,2188.00,74.74,,,10886627.00,5246131.74,
2010-08-31,2010,,8,,,,193432.41,2933501.26,109725.00,451584.20,515445.67,1.75,4.41,,,101.12,100.94,21.90,102.00,50.30,2539.00,76.69,,,10967388.00,5234771.91,
2010-09-30,2010,Q3,9,1982245.00,190693.00,5365954.00,171487.13,2907482.31,161626.00,418552.02,551851.47,1.75,4.40,,,103.13,102.73,24.60,102.40,50.60,2300.00,77.79,,,11115259.00,5372572.83,
2010-10-31,2010,,10,,,,184948.83,2891655.40,176149.00,409932.32,508911.23,1.75,4.38,,,103.67,102.77,24.60,111.60,50.00,2818.00,82.92,,,11322881.00,5504967.80,
2010-11-30,2010,,11,,,,184293.88,2904505.81,222584.00,472300.21,521769.04,1.75,4.39,,,104.26,103.17,24.90,118.20,52.50,2188.00,85.67,,,11496988.00,5530153.47,
2010-12-31,2010,Q4,12,2109563.00,189231.00,5645515.00,197668.17,3002422.91,164359.00,443734.75,511042.17,2.00,4.45,,,104.20,102.97,23.70,112.10,51.60,2220.00,91.80,,,11778110.00,5780505.94,
2011-01-31,2011,,1,,,,191973.62,2984473.43,234081.00,485102.74,492203.30,2.25,4.59,7578.06,0.98,101.73,100.28,20.30,104.30,52.80,2173.00,96.29,106.28,72.23,11818917.00,6021017.43,104.42
2011-02-28,2011,,2,,,,169266.50,2988172.17,153935.00,485023.19,554993.01,2.25,4.64,7966.64,0.70,100.78,99.52,19.30,104.40,52.30,2432.00,103.96,103.19,71.43,12157275.00,6040875.95,102.17
2011-03-31,2011,Q1,3,2209743.00,237691.00,5875693.00,170568.50,2988845.39,170670.00,542939.14,634589.64,2.50,4.79,7916.72,0.72,101.21,100.00,17.00,121.90,54.10,2263.00,114.44,105.28,73.53,12283648.00,6138192.02,110.66
2011-04-30,2011,,4,,,,173480.29,2995070.58,133850.00,495786.93,514190.27,2.75,4.90,7570.54,0.75,101.23,100.99,17.10,101.80,47.30,2774.00,123.07,102.27,68.91,12481271.00,6324987.53,99.14
2011-05-31,2011,,5,,,,145554.82,3016739.14,126770.00,535333.77,574576.38,2.75,4.95,8063.34,0.53,100.11,99.89,20.00,110.00,50.90,2829.00,114.46,99.11,68.18,12560026.00,6351640.59,101.90
2011-06-30,2011,Q2,6,2037494.00,275950.00,6037902.00,145520.34,3000473.78,149976.00,537644.23,614202.58,3.00,5.05,8405.25,0.42,99.02,98.80,21.20,117.30,53.10,2452.00,113.76,106.76,74.00,12603119.00,6449571.61,103.00
2011-07-31,2011,,7,,,,148335.40,3016485.07,142119.00,516915.41,607073.38,3.25,5.23,8660.97,0.52,99.89,99.68,29.10,108.90,51.20,2815.00,116.46,107.72,73.45,12788704.00,6366015.51,98.58
2011-08-31,2011,,8,,,,171374.83,3013248.92,139965.00,625542.54,621270.72,3.50,5.33,8632.30,0.68,100.09,100.25,30.20,118.70,52.20,2761.00,110.08,109.09,74.62,12873246.00,6464280.05,98.59
2011-09-30,2011,Q3,9,2029932.00,188631.00,6272852.00,150851.63,3181158.89,188850.00,592908.38,627997.51,3.50,5.40,8658.48,0.75,100.15,99.83,29.60,115.00,48.50,2064.00,110.88,108.99,73.97,12901794.00,6461236.50,99.99
2011-10-31,2011,,10,,,,126930.98,3092940.64,166509.00,509557.16,528560.99,3.50,5.37,8637.18,0.56,99.44,99.02,23.80,113.50,36.70,2826.00,109.47,79.64,53.28,13143074.00,6476682.72,92.37
2011-11-30,2011,,11,,,,145699.63,3087237.28,150234.00,484039.31,475918.91,3.25,5.40,8545.26,0.82,99.65,99.32,18.50,113.30,39.00,2461.00,110.50,74.38,49.24,13322122.00,6524132.22,91.33
2011-12-31,2011,Q4,12,2024390.00,233893.00,6601050.00,128738.13,3088521.36,172607.00,565359.02,499116.51,3.25,5.35,8335.43,0.43,99.57,98.65,21.20,118.70,48.50,2581.00,107.91,95.26,64.39,13559129.00,6542549.38,97.85
2012-01-31,2012,,1,,,,115048.15,3117186.74,150325.00,492445.59,494682.61,3.00,5.32,8964.45,0.81,92.55,91.40,24.20,102.80,50.80,2481.00,111.16,97.67,67.56,13684472.00,6498408.91,99.34
2012-02-29,2012,,2,,,,119927.03,3143585.63,258126.00,529649.93,578062.80,3.00,5.25,8778.73,0.66,94.25,93.54,25.80,114.50,52.70,2746.00,119.70,103.16,71.67,13811949.00,6340221.88,102.16
2012-03-31,2012,Q1,3,2272805.00,163377.54,6834577.00,125365.31,3268399.81,316046.00,683955.85,609523.68,3.00,5.25,9267.39,0.73,95.29,94.70,23.00,127.90,55.50,2157.00,124.93,104.07,71.84,13889632.00,6430351.80,106.85
2012-04-30,2012,,4,,,,145737.38,3412700.63,157170.00,566996.95,518374.66,3.00,5.24,9750.22,0.97,101.98,101.49,24.30,112.80,47.70,2268.00,120.46,108.01,72.67,13808521.00,6430790.83,95.17
2012-05-31,2012,,5,,,,147040.84,3430151.44,144922.00,657340.24,648788.14,3.00,5.23,9548.08,0.92,101.40,101.24,27.40,130.70,53.80,2282.00,110.52,110.41,73.29,13842798.00,6503045.57,100.88
2012-06-30,2012,Q2,6,2160308.00,160972.02,7081702.00,130099.13,3506349.20,157354.00,594625.82,621121.46,3.00,5.23,10060.91,0.67,101.28,101.36,27.60,126.50,51.50,2336.00,95.59,110.39,72.56,14011976.00,6535045.91,98.29
2012-07-31,2012,,7,,,,146873.18,3570950.38,178523.00,611530.30,606517.08,3.00,5.22,10020.74,0.56,101.12,101.63,29.10,126.20,51.70,2443.00,103.14,114.49,75.00,14136870.00,6479780.62,100.27
2012-08-31,2012,,8,,,,141920.26,3629352.22,152450.00,595129.56,617317.55,3.00,5.20,9826.46,0.56,101.40,102.04,29.50,127.80,50.20,2390.00,113.34,112.81,74.22,14261209.00,6473781.80,97.04
2012-09-30,2012,Q3,9,2132192.00,175750.30,7325133.00,128998.33,3515010.95,207110.00,569877.04,634666.42,3.00,5.21,9544.96,0.63,101.93,102.63,30.20,120.00,49.90,2682.00,113.38,111.96,73.19,14542998.00,6424774.15,97.25
2012-10-31,2012,,10,,,,134430.78,3402463.22,296322.00,624988.62,592205.38,2.75,5.15,10030.78,0.56,102.67,103.25,34.50,148.20,52.10,2693.00,111.97,114.06,75.36,14692073.00,6373893.27,98.51
2012-11-30,2012,,11,,,,147333.21,3459510.78,296867.00,575779.05,599060.68,2.75,5.10,9817.46,0.39,103.08,103.24,36.60,151.90,52.00,2918.00,109.71,117.14,76.59,14884833.00,6335140.34,101.36
2012-12-31,2012,Q4,12,2337519.00,180127.93,7715794.00,160080.38,3516639.85,173933.00,571069.74,555484.40,2.75,5.10,9880.90,0.48,103.41,103.69,35.40,137.30,50.60,2158.00,109.68,114.37,73.16,14965674.00,6301534.59,102.82
2013-01-31,2013,,1,,,,159842.00,3531418.63,208021.00,658596.16,544585.32,2.75,5.08,9692.43,0.83,106.14,105.85,33.10,122.20,51.10,2605.00,112.97,116.56,74.64,15010190.00,6115873.58,106.95
2013-02-28,2013,,2,,,,152165.93,3555634.61,150379.00,544012.24,535722.12,2.75,5.08,10101.53,0.62,107.97,107.66,32.40,119.10,51.20,2455.00,116.52,110.94,71.36,15092780.00,6030809.18,101.65
2013-03-31,2013,Q1,3,2395328.00,194863.83,7844527.00,171958.10,3563398.53,225477.00,578770.11,605784.29,2.75,5.09,10717.11,0.69,110.07,109.78,37.90,132.00,54.40,2515.00,109.24,113.97,73.39,15212616.00,5902972.86,107.97
2013-04-30,2013,,4,,,,166507.31,3589728.39,185269.00,578767.43,506391.43,2.75,5.11,9899.89,0.89,112.00,111.75,42.20,117.50,48.80,2367.00,102.88,113.27,72.23,15260977.00,5924933.59,96.82
2013-05-31,2013,,5,,,,123790.06,3609170.92,137855.00,591157.71,585852.25,2.50,5.10,10619.19,0.77,110.25,110.11,40.10,126.80,53.90,2702.00,103.03,113.27,72.51,15476208.00,5998657.60,103.03
2013-06-30,2013,Q2,6,2219187.00,188528.56,8069694.00,121585.63,3657842.73,169370.00,584172.30,584925.91,2.50,5.07,10895.81,0.55,106.87,106.63,39.10,123.50,49.90,2661.00,103.11,114.47,72.79,15444486.00,6056273.52,100.98
2013-07-31,2013,,7,,,,142727.97,3640650.19,167707.00,578158.23,590033.54,2.50,5.09,11107.20,0.89,106.77,106.37,37.00,123.40,48.30,2535.00,107.72,112.96,71.41,15433360.00,6123522.08,101.27
2013-08-31,2013,,8,,,,131192.15,3678124.00,148235.00,590176.76,636476.66,2.50,5.08,10877.04,0.81,105.20,104.70,36.00,123.20,47.50,2819.00,110.96,112.82,71.06,15505225.00,6145054.25,98.63
2013-09-30,2013,Q3,9,2185277.00,192391.00,8261501.00,136315.51,3774819.49,215684.00,552928.95,612617.66,2.50,5.10,10703.96,0.67,105.03,104.39,34.90,118.70,47.50,2046.00,111.62,110.36,69.55,15572400.00,6073857.00,98.14
2013-10-31,2013,,10,,,,126330.24,3769294.05,257538.00,607722.08,598986.68,2.50,5.09,10408.61,0.62,105.56,104.87,36.20,141.30,47.40,2542.00,109.48,111.01,70.10,15622614.00,6029389.50,98.92
2013-11-30,2013,,11,,,,129415.97,3797482.42,241993.00,561198.26,592443.93,2.25,5.05,11066.09,0.72,104.98,104.19,35.10,146.70,46.90,2184.00,108.08,109.06,68.75,15821643.00,6143923.58,100.07
2013-12-31,2013,Q4,12,2342295.00,187343.73,8521064.00,119422.94,3827070.35,317256.00,551569.40,596877.84,2.25,5.02,10836.98,0.62,103.42,102.64,33.60,134.30,45.00,2933.00,110.67,107.32,67.98,16062482.00,6244206.13,102.92
2014-01-31,2014,,1,,,,124652.23,3838401.41,210813.00,637677.49,587085.59,2.25,5.02,11398.90,0.94,102.13,101.09,29.50,117.90,45.40,2083.00,107.42,106.70,67.68,16129179.00,6239916.97,105.77
2014-02-28,2014,,2,,,,133223.86,3905865.68,173257.00,488289.38,598571.15,2.25,5.02,11335.46,0.86,102.79,102.02,26.70,117.40,46.50,2705.00,108.81,106.55,68.19,16211972.00,6245221.68,101.24
2014-03-31,2014,Q1,3,2386444.00,196757.89,8589811.00,155058.01,3919398.28,166322.00,553252.08,641085.67,2.00,4.95,11020.76,0.88,103.34,102.55,27.50,127.50,49.40,2584.00,107.40,106.73,68.01,16184821.00,6198454.68,106.81
2014-04-30,2014,,4,,,,140165.14,3957385.61,187474.00,559413.50,556218.79,2.00,4.97,11537.75,0.90,103.26,102.52,29.80,114.60,44.30,2768.00,107.79,107.52,68.10,16168422.00,6209447.18,97.40
2014-05-31,2014,,5,,,,122956.42,3907849.15,145672.00,600311.63,631494.08,2.00,4.95,11652.83,0.94,102.25,101.61,28.50,124.30,48.60,2883.00,109.68,107.70,68.04,16154938.00,6259325.47,102.09
2014-06-30,2014,Q2,6,2237768.00,201401.04,8709472.00,109541.10,3933234.30,164825.00,532019.47,635214.08,2.00,4.95,11650.16,1.15,102.64,101.76,38.40,122.30,48.00,2865.00,111.87,107.62,67.95,16116009.00,6227813.40,101.15
2014-07-31,2014,,7,,,,116542.05,3924656.05,184088.00,578472.28,604341.55,2.00,4.98,11857.80,0.97,103.73,102.71,41.40,119.60,49.60,2325.00,106.98,107.55,67.53,16086326.00,6143915.01,100.41
2014-08-31,2014,,8,,,,115064.39,3924374.96,133331.00,550114.04,601211.05,2.00,4.98,12001.61,0.74,104.57,103.54,44.00,115.50,49.10,2808.00,101.92,107.45,67.21,16135041.00,6109970.60,95.98
2014-09-30,2014,Q3,9,2208912.00,206533.98,8881779.00,132437.43,3965455.02,215641.00,620846.51,634144.11,2.00,5.11,11925.64,0.80,105.52,104.10,45.80,124.80,48.90,2891.00,97.34,107.90,67.94,16198823.00,6030712.85,97.34
2014-10-31,2014,,10,,,,97724.63,3953843.01,324952.00,602253.39,649634.55,2.00,5.11,12068.18,0.75,105.77,104.17,46.10,142.50,48.70,2291.00,87.27,109.05,68.16,16314321.00,5997600.53,98.73
2014-11-30,2014,,11,,,,112773.19,3949561.12,195508.00,559107.09,602614.25,2.00,5.11,12387.05,0.55,106.89,105.10,44.20,140.70,48.60,2178.00,78.44,107.70,67.00,16554381.00,5981168.07,97.75
2014-12-31,2014,Q4,12,2398964.00,201909.00,9084610.00,104131.47,3954659.25,270830.00,519251.56,618808.24,2.00,5.09,11668.33,0.56,108.53,106.02,44.20,137.90,49.00,2609.00,62.33,108.90,68.67,16809042.00,5941352.31,103.75
2015-01-31,2015,,1,,,,108156.41,3996768.97,212060.00,543158.96,565981.38,2.00,5.07,12131.98,1.06,110.33,106.85,43.30,119.40,49.00,2613.70,48.07,109.95,68.13,16947602.00,5830624.34,104.33
2015-02-28,2015,,2,,,,109322.52,4070162.48,140342.00,497811.85,559378.38,2.00,5.04,11517.69,0.82,111.71,108.26,42.40,122.10,49.40,2664.22,57.93,110.54,69.00,17113914.00,5753924.77,101.70
2015-03-31,2015,Q1,3,2459675.00,203681.91,9206756.00,119035.01,4094008.59,246782.00,524540.43,616026.41,1.75,4.99,11501.66,0.99,112.84,109.21,40.00,130.70,52.40,2555.36,55.79,106.87,66.21,17193104.00,5724515.86,105.22
2015-04-30,2015,,4,,,,135544.97,4137314.87,185653.00,516292.42,547830.28,1.50,4.98,11720.86,0.85,112.23,108.43,38.80,115.10,45.20,2406.73,59.39,106.71,66.32,17166475.00,5902407.32,95.49
2015-05-31,2015,,5,,,,126693.95,4063421.60,153084.00,497783.04,615651.22,1.50,4.88,11746.67,0.93,108.49,104.63,38.90,126.00,50.30,2301.63,64.56,105.38,64.48,17190904.00,5990285.01,100.43
2015-06-30,2015,Q2,6,2303095.00,199156.65,9351166.00,132655.71,4070193.59,198842.00,558097.13,599819.55,1.50,4.86,11858.82,0.83,108.99,105.03,38.90,125.60,49.10,2269.52,62.34,106.41,65.67,17103883.00,6033680.55,101.42
2015-07-31,2015,,7,,,,144537.54,4091378.66,209998.00,556886.56,624649.96,1.50,4.87,12385.78,1.00,108.11,104.07,33.70,119.80,46.40,2641.51,55.87,108.59,66.53,17071604.00,6141343.69,100.56
2015-08-31,2015,,8,,,,161865.45,4110887.13,144881.00,549317.26,626539.88,1.50,4.86,11879.34,0.97,106.38,102.18,34.60,123.00,46.40,2589.65,46.99,107.59,65.99,17027719.00,6085877.93,96.04
2015-09-30,2015,Q3,9,2285060.00,184151.44,9480647.00,145936.20,4157394.78,195594.00,551835.54,670268.21,1.50,4.85,12034.42,0.78,105.29,101.04,35.40,122.00,47.30,2044.66,47.24,107.13,65.71,17080201.00,6138251.23,97.83
2015-10-31,2015,,10,,,,148323.12,4255904.86,354426.00,526888.80,656565.70,1.50,4.83,12726.02,0.85,105.40,101.20,36.20,140.00,50.20,2245.84,48.12,107.72,66.06,17201009.00,6063562.70,97.25
2015-11-30,2015,,11,,,,151386.99,4379011.64,226688.00,562172.13,611896.20,1.50,4.82,11865.78,0.90,106.34,101.74,37.60,147.20,49.10,2566.08,44.42,107.28,65.19,17354610.00,6005437.87,97.57
2015-12-31,2015,Q4,12,2473596.00,188905.58,9690957.00,150484.97,4410296.27,278102.00,522243.60,613751.62,1.50,4.79,12038.77,0.65,106.04,100.98,37.20,138.20,49.90,3024.29,37.72,108.77,66.03,17554630.00,6066850.84,102.33
2016-01-31,2016,,1,,,,150610.08,4387486.67,237899.00,493646.45,565416.87,1.50,4.80,11921.69,0.91,106.54,100.84,36.40,121.70,48.50,2996.44,30.80,96.99,65.03,17628999.00,6053787.95,98.16
2016-02-29,2016,,2,,,,162239.04,4415351.76,156364.00,451797.09,647710.16,1.50,4.81,11747.35,0.87,106.95,101.22,38.10,123.50,48.20,3080.54,33.20,100.74,66.95,17748543.00,6363924.31,98.22
2016-03-31,2016,Q1,3,2541549.00,198407.32,9756189.00,183653.67,4431683.97,251913.00,513670.41,658935.20,1.50,4.78,11844.97,1.04,106.48,100.87,36.00,135.40,51.50,2927.23,39.07,100.29,66.63,17821574.00,6656824.37,103.81
2016-04-30,2016,,4,,,,150532.07,4474219.15,208552.00,480951.05,548194.17,1.50,4.64,11777.67,1.04,105.30,100.17,35.80,116.60,49.80,2627.81,42.25,100.78,67.31,17902958.00,6750769.35,91.46
2016-05-31,2016,,5,,,,167082.26,4415020.02,170541.00,526882.05,632633.37,1.50,4.67,11960.38,1.20,104.98,100.24,35.50,125.70,49.70,2459.09,47.13,98.69,65.76,17825307.00,6827131.32,99.36
2016-06-30,2016,Q2,6,2390876.00,202514.10,9861917.00,166891.72,4373288.14,253615.00,527954.12,648356.28,1.50,4.66,12068.87,1.01,104.99,100.03,35.10,125.90,50.40,2423.00,48.48,101.00,67.39,17838170.00,6839405.32,102.16
2016-07-31,2016,,7,,,,151269.11,4403576.82,175628.00,515733.87,606475.51,1.50,4.64,12478.00,1.01,105.63,100.30,33.80,115.30,49.40,2949.10,45.07,98.65,65.91,17800827.00,6872595.38,98.98
2016-08-31,2016,,8,,,,184025.86,4422488.53,154661.00,535135.13,627747.68,1.50,4.61,11816.22,0.93,105.74,100.45,38.90,123.40,47.80,2883.59,46.14,101.44,66.94,17772742.00,6923135.23,101.06
2016-09-30,2016,Q3,9,2357971.00,202152.80,9965915.00,179295.94,4471220.22,210831.00,536988.80,667852.24,1.50,4.60,12186.41,0.87,106.07,100.66,36.20,121.80,50.30,2416.82,46.19,102.36,67.54,17765549.00,6965735.75,101.43
2016-10-31,2016,,10,,,,197342.67,4491860.05,429677.00,552831.66,616622.43,1.50,4.58,12486.64,1.19,105.99,100.46,36.40,138.10,49.20,2252.78,49.73,100.34,66.68,17986304.00,7076772.69,101.08
2016-11-30,2016,,11,,,,195555.54,4473558.49,174851.00,565011.43,665951.48,1.50,4.57,12286.53,0.99,107.14,101.31,35.70,148.90,49.50,2452.46,46.44,98.07,66.24,18114619.00,7040816.52,102.29
2016-12-31,2016,Q4,12,2558106.00,199623.33,10137596.00,195700.19,4458417.72,317993.00,570232.45,647457.59,1.50,4.53,12336.85,0.80,107.83,101.96,39.10,140.40,50.30,3060.74,54.07,99.85,65.53,18295749.00,7078506.43,101.99
2017-01-31,2017,,1,,,,226831.45,4596971.41,254867.00,535281.95,599408.56,1.50,4.55,11568.84,1.18,108.30,101.90,39.20,119.20,50.10,3197.05,54.89,98.77,65.55,18345560.00,7134867.25,101.29
2017-02-28,2017,,2,,,,212127.23,4637934.90,156100.00,499756.61,639719.12,1.50,4.52,11763.69,1.12,108.70,102.44,40.40,122.60,49.80,2966.52,55.49,98.74,65.31,18436681.00,7183416.34,99.67
2017-03-31,2017,Q1,3,2638918.00,210869.52,10160391.00,227562.23,4728655.60,222652.00,606915.31,723891.03,1.50,4.49,11816.19,1.29,108.97,102.10,38.50,141.20,52.60,3018.41,51.97,101.69,66.87,18414542.00,7148898.35,106.76
2017-04-30,2017,,4,,,,211147.13,4823995.82,216710.00,512327.73,567646.20,1.50,4.48,11605.82,1.25,109.61,102.69,36.10,112.80,49.60,2853.29,52.98,99.66,65.90,18553810.00,7334244.25,92.14
2017-05-31,2017,,5,,,,213306.44,4912277.61,197324.00,599772.07,675776.46,1.50,4.39,11825.23,1.32,109.48,102.55,40.30,131.70,52.30,2600.62,50.87,101.60,67.49,18574127.00,7325625.40,102.49
2017-06-30,2017,Q2,6,2494793.00,217402.33,10252876.00,176924.54,4759957.78,218688.00,568514.45,668733.59,1.50,4.37,12414.67,1.07,110.30,103.30,39.50,128.50,50.70,2731.07,46.89,101.65,67.63,18617776.00,7369604.18,103.37
2017-07-31,2017,,7,,,,155184.50,4803543.97,219652.00,584020.12,628617.64,1.50,4.39,12012.67,1.24,110.89,103.75,38.60,119.00,50.30,3099.41,48.69,100.58,67.33,18590428.00,7367469.12,100.33
2017-08-31,2017,,8,,,,148278.06,4861241.19,164619.00,583017.19,698869.96,1.50,4.41,12104.50,1.12,111.37,104.19,38.40,126.90,50.70,3188.15,51.37,104.30,69.38,18609457.00,7563924.27,102.59
2017-09-30,2017,Q3,9,2463648.00,225974.58,10383397.00,156401.97,4959164.41,204025.00,543811.10,721343.45,1.50,4.38,12375.47,1.17,111.18,104.47,39.50,125.60,52.20,2600.28,55.16,103.22,68.44,18622205.00,7692204.50,107.38
2017-10-31,2017,,10,,,,143992.62,4932292.33,424637.00,599769.80,659625.67,1.50,4.36,12188.70,1.29,111.98,105.21,39.70,141.60,50.60,2725.94,57.62,100.09,66.32,18749249.00,7669619.59,100.10
2017-11-30,2017,,11,,,,142417.87,4959326.12,228653.00,585197.43,694997.04,1.50,4.37,12552.70,1.14,113.12,106.08,40.00,150.20,51.30,3039.57,62.57,103.62,68.97,18942857.00,7700313.37,103.92
2017-12-31,2017,Q4,12,2662582.00,248074.71,10580318.00,134176.39,5027438.43,287577.00,597395.19,642095.47,1.50,4.30,12276.17,0.96,113.47,106.06,40.60,140.40,50.20,3571.66,64.21,103.73,68.17,19212873.00,7815537.31,103.42
2018-01-31,2018,,1,,,,152508.85,5121373.03,222306.00,591706.98,638329.62,1.50,4.29,12133.51,1.26,114.14,106.07,41.00,123.30,52.50,3531.48,68.99,103.45,68.01,19277817.00,7824261.00,104.08
2018-02-28,2018,,2,,,,146464.39,5135072.33,164561.00,548976.47,628433.67,1.50,4.13,12020.94,1.28,114.75,106.23,40.30,125.40,51.40,3552.12,65.42,104.23,68.52,19354026.00,7830128.70,102.40
2018-03-31,2018,Q1,3,2772274.00,261931.95,10678206.00,122229.02,5144993.70,208167.00,593438.74,699390.38,1.50,4.16,12024.26,1.16,115.45,106.83,40.00,141.90,53.30,3494.65,66.45,105.85,69.45,19549464.00,7847441.51,108.14
2018-04-30,2018,,4,,,,120359.83,5182896.20,245723.00,583527.14,596947.72,1.50,4.14,12126.17,1.06,115.84,107.59,39.40,119.80,49.50,3096.07,71.63,103.78,67.51,19569290.00,7855823.50,96.56
2018-05-31,2018,,5,,,,150573.23,5202092.04,185104.00,621092.83,715740.03,1.50,4.12,11947.07,1.04,115.37,107.40,37.80,136.50,51.50,2737.83,76.65,107.06,69.43,19563179.00,7871557.47,105.81
2018-06-30,2018,Q2,6,2610783.00,244587.22,10814177.00,135326.77,5227322.08,299431.00,607134.96,706422.56,1.50,4.13,12556.52,1.10,114.53,106.42,36.30,135.10,52.80,3013.30,75.19,107.54,69.81,19571115.00,7952401.13,106.33
2018-07-31,2018,,7,,,,151681.82,5251290.17,203285.00,637906.70,674053.76,1.50,4.12,12469.85,0.98,113.26,105.14,37.10,122.40,52.00,3177.09,74.44,107.36,69.45,19515727.00,7913922.27,103.31
2018-08-31,2018,,8,,,,148967.54,5368617.39,173109.00,714787.92,737864.73,1.50,4.13,12518.81,1.04,115.15,106.98,37.60,133.80,51.40,3229.03,73.13,108.68,69.07,19457487.00,7754310.05,104.80
2018-09-30,2018,Q3,9,2543414.00,256444.30,10961872.00,176742.90,5450220.01,229020.00,605239.59,675448.68,1.50,4.13,12765.90,0.97,117.28,109.11,38.00,125.50,51.50,2636.12,78.86,105.38,67.54,19518512.00,7653876.09,104.48
2018-10-31,2018,,10,,,,192219.24,5458056.42,427919.00,664236.66,707313.72,1.50,4.13,12579.15,1.01,117.32,108.96,35.50,147.70,49.60,2704.00,80.47,107.47,69.23,19733639.00,7797701.78,103.99
2018-11-30,2018,,11,,,,195785.23,5525947.28,225356.00,673774.45,699490.00,1.50,4.13,12777.98,0.95,116.57,108.09,36.00,156.30,53.10,3171.00,65.17,108.31,68.47,19840154.00,7745491.00,104.91
2018-12-31,2018,Q4,12,2766734.00,256099.89,11177987.00,170660.51,5551356.52,268623.00,552600.81,635423.93,1.75,4.13,12326.81,0.91,117.17,108.04,37.30,141.40,49.50,3835.51,56.46,103.84,67.30,20109643.00,7759691.99,102.64
2019-01-31,2019,,1,,,,208203.57,5565923.08,292706.00,615289.95,604744.37,1.75,4.15,12531.62,1.02,119.11,109.39,50.50,126.50,50.00,3713.17,59.27,104.08,67.75,20116050.00,7549038.11,104.49
2019-02-28,2019,,2,,,,210174.29,5642720.68,196449.00,504912.09,613377.90,1.75,4.16,12276.97,0.78,121.02,111.26,51.50,124.80,49.90,3600.92,64.13,103.23,67.11,20275685.00,7678274.37,101.29
2019-03-31,2019,Q1,3,2845657.00,266839.87,11282420.00,190490.50,5645640.19,224297.00,567766.76,679404.94,1.75,4.15,12475.79,0.90,119.68,110.30,52.00,139.90,51.40,3478.69,66.41,103.61,67.63,20288970.00,7785483.86,106.61
2019-04-30,2019,,4,,,,186444.24,5720343.81,258090.00,588168.87,588627.95,1.75,4.15,13049.97,0.96,119.41,110.19,51.30,120.70,49.20,3216.93,71.20,105.69,68.42,20378259.00,7809071.56,96.34
2019-05-31,2019,,5,,,,207423.01,5753215.90,163153.00,611503.56,660066.11,1.75,4.15,12682.14,1.11,120.52,111.40,51.20,131.80,50.10,2736.60,70.53,103.80,66.95,20305324.00,7783174.09,102.00
2019-06-30,2019,Q2,6,2668902.00,280039.78,11354971.00,176005.76,5656734.51,223964.00,523130.12,663364.58,1.75,4.13,12900.91,0.94,122.61,112.83,48.10,127.70,49.40,3056.70,63.30,101.93,65.03,20218762.00,7693422.31,101.67
2019-07-31,2019,,7,,,,185226.13,5683815.59,227297.00,593772.97,646820.42,1.75,4.11,13037.48,1.14,123.59,113.75,47.80,125.40,49.10,3342.75,64.00,104.55,66.76,20240395.00,7710461.91,102.54
2019-08-31,2019,,8,,,,175036.52,5683122.29,163777.00,559253.50,672888.23,1.50,4.07,12650.41,1.00,125.18,114.87,47.20,125.30,48.60,3472.66,59.25,103.19,65.65,20338459.00,7736451.15,107.86
2019-09-30,2019,Q3,9,2605929.00,284531.50,11473495.00,133569.91,5664175.96,274983.00,539033.43,619724.89,1.50,4.05,12790.57,1.02,126.22,115.84,46.00,123.00,47.90,2890.04,62.33,99.82,63.82,20437342.00,7755920.38,101.14
2019-10-31,2019,,10,,,,133522.22,5666079.68,366791.00,556740.80,620341.01,1.50,4.03,12694.59,0.95,126.85,115.83,46.30,141.90,48.10,3074.10,59.37,99.14,62.05,20598791.00,7762847.10,100.76
2019-11-30,2019,,11,,,,130595.37,5724377.83,175141.00,531340.93,589672.62,1.25,3.96,12642.13,1.12,126.92,115.48,44.50,149.10,47.40,3386.37,62.74,98.04,61.55,20702025.00,7686948.64,102.06
2019-12-31,2019,Q4,12,2798831.00,294408.37,11633851.00,141333.58,5741488.99,252186.00,516973.43,575784.28,1.25,3.90,12752.45,0.96,126.74,115.14,44.50,141.40,45.10,3947.34,65.85,98.77,63.06,20841010.00,7802744.48,100.47
2020-01-31,2020,,1,,,,158054.37,5774270.36,212622.00,579447.04,599535.89,1.25,3.80,12841.93,1.07,125.14,113.21,44.10,124.40,48.50,3810.16,63.60,100.34,65.04,20876298.00,8200710.40,102.65
2020-02-29,2020,,2,,,,173962.15,5804084.95,183659.00,457692.90,635932.49,1.00,3.70,12637.71,1.09,123.02,111.31,43.10,123.30,44.10,2061.99,55.00,99.30,63.86,20936713.00,8264716.65,101.86
2020-03-31,2020,Q1,3,2785733.00,261973.44,11651036.00,131925.30,5807898.90,351941.00,586326.85,671828.90,0.75,3.56,13088.32,1.03,121.71,109.42,37.50,135.00,42.60,819.43,32.98,94.05,61.40,21859226.00,8531616.76,102.41
2020-04-30,2020,,4,,,,118059.47,5972883.24,336399.00,491507.94,579318.58,0.75,3.31,13088.32,1.03,120.88,106.81,33.30,110.70,32.60,0.00,23.34,83.25,53.79,22288558.00,8577739.40,94.01
2020-05-31,2020,,5,,,,113029.57,6268489.05,184359.00,400980.94,508665.54,0.50,3.21,13088.32,1.03,122.56,108.31,38.10,110.50,34.40,0.00,31.02,78.75,51.16,22494529.00,8440024.91,91.03
2020-06-30,2020,Q2,6,2343919.00,282999.68,11736895.00,115900.65,6357204.79,259741.00,420938.91,502507.45,0.50,3.20,13088.32,1.03,124.21,111.35,42.50,117.90,38.50,0.00,39.93,82.92,55.34,22435940.00,8218190.10,94.89
2020-07-31,2020,,7,,,,133519.49,6458280.26,216208.00,441720.84,582215.91,0.50,3.13,12989.20,2.15,122.55,110.43,41.00,111.20,42.90,0.00,42.81,89.02,58.38,22552107.00,8569656.08,90.21
2020-08-31,2020,,8,,,,136548.08,6550478.82,172518.00,444517.10,627916.38,0.50,3.13,12884.93,1.86,122.21,110.34,43.00,118.80,45.70,0.00,44.26,92.11,60.44,22493305.00,8620517.02,91.91
2020-09-30,2020,Q3,9,2442517.00,275412.40,11893814.00,134955.88,6734881.76,316887.00,491933.92,610630.21,0.50,3.14,13225.23,1.79,121.13,109.29,45.10,120.20,47.50,0.00,41.09,95.26,63.00,22435829.00,8714031.25,95.16
2020-10-31,2020,,10,,,,164708.03,6708399.77,343739.00,486945.66,603285.09,0.50,3.14,13170.54,2.09,121.23,109.29,44.60,137.00,45.40,1.20,40.47,97.41,62.92,22522590.00,8527934.29,94.97
2020-11-30,2020,,11,,,,157314.39,6844788.13,330263.00,515034.71,577025.44,0.50,3.12,12935.96,2.00,123.03,110.88,46.30,148.00,47.70,3.07,43.23,96.11,62.71,22780346.00,8491494.15,94.76
2020-12-31,2020,Q4,12,2686527.00,305731.72,12090467.00,152442.01,7054937.31,278671.00,515209.61,600437.78,0.50,3.07,12996.43,1.49,123.17,110.96,46.30,145.10,46.80,6.56,49.87,96.75,63.57,22958439.00,8598301.72,95.11
2021-01-31,2021,,1,,,,146841.39,7108375.94,205723.00,533566.42,590894.61,0.50,3.07,12841.93,1.07,123.03,110.01,43.20,127.00,44.20,7.69,54.55,99.26,65.18,22915295.00,8595309.19,101.81
2021-02-28,2021,,2,,,,149543.48,7327296.20,180597.00,539866.15,604910.06,0.50,3.07,12637.71,1.09,123.48,109.32,45.50,130.40,45.60,5.74,61.96,98.85,64.79,23019908.00,8547006.19,100.14
2021-03-31,2021,Q1,3,2715941.00,297832.72,12175418.00,159562.94,7380114.92,278430.00,641005.26,743939.43,0.50,3.07,13088.32,1.03,121.86,107.87,47.50,149.40,50.10,6.74,65.19,102.24,65.97,23109674.00,8724016.94,106.24
2021-04-30,2021,,4,,,,136747.60,7532356.14,230832.00,586744.35,667012.82,0.50,3.10,13088.32,1.03,119.75,107.29,43.50,125.10,46.00,8.53,64.77,102.41,66.86,23239804.00,8767975.22,95.18
2021-05-31,2021,,5,,,,124759.02,7642689.45,192899.00,620412.30,719743.53,0.50,3.06,13088.32,1.03,119.17,105.45,41.60,138.10,43.00,6.05,68.04,102.73,66.86,23282599.00,8871297.94,99.52
2021-06-30,2021,Q2,6,2524347.00,301662.29,12284072.00,141565.34,7760488.76,276017.00,631197.20,742558.40,0.50,3.06,13088.32,1.03,118.91,105.36,42.70,135.70,46.50,5.69,73.07,101.85,66.57,23095124.00,8969152.66,101.05
2021-07-31,2021,,7,,,,146904.26,7836723.70,264139.00,639463.79,737127.77,0.50,3.07,12989.20,2.15,115.80,102.27,36.70,124.80,41.40,18.06,74.39,96.17,62.57,23266534.00,9201395.81,97.89
2021-08-31,2021,,8,,,,163333.14,8034125.40,249973.00,680523.81,722839.59,0.50,3.06,12884.93,1.86,114.27,100.64,37.20,127.70,40.00,15.11,70.02,89.97,59.60,23374555.00,9124897.10,95.41
2021-09-30,2021,Q3,9,2439023.00,286112.94,12337302.00,157250.58,8203698.67,300187.00,653287.16,761064.10,0.50,3.04,13225.23,1.79,114.35,102.24,42.10,130.70,42.60,12.24,74.60,98.56,63.61,23517109.00,9403046.34,98.67
2021-10-31,2021,,10,,,,149481.92,8312858.73,483528.00,661498.71,758279.62,0.50,3.04,13170.54,2.09,113.69,101.78,43.40,148.40,47.00,20.27,83.65,100.56,65.52,23728417.00,9258662.12,99.69
2021-11-30,2021,,11,,,,120510.72,8511084.91,198771.00,662040.83,776527.40,0.50,3.05,12935.96,2.00,115.54,103.22,45.20,159.00,48.40,91.26,80.77,102.30,66.34,23824363.00,9370734.25,101.43
2021-12-31,2021,Q4,12,2738617.00,299775.85,12506821.00,106855.97,8536092.26,291911.00,794639.15,840157.52,0.50,3.03,12996.43,1.49,114.41,101.61,47.00,153.10,49.00,230.50,74.31,104.96,67.57,24061617.00,9319090.28,102.99
2022-01-31,2022,,1,,,,107565.43,8624408.07,200161.00,688974.64,701118.96,0.50,3.04,12841.93,1.07,115.54,102.98,44.60,135.80,47.20,128.22,85.53,102.18,65.55,24089550.00,9230714.90,103.31
2022-02-28,2022,,2,,,,104856.06,8720929.74,168538.00,675843.99,762460.01,0.50,3.03,12637.71,1.09,117.56,105.55,44.60,136.20,47.80,151.79,95.76,102.14,65.25,24269541.00,9056832.44,101.35
2022-03-31,2022,Q1,3,2776120.00,311612.31,12565022.00,123024.13,8814544.96,294149.00,801936.16,953716.74,0.50,3.02,13088.32,1.03,117.14,104.74,43.80,151.50,50.70,208.10,115.59,102.69,65.64,24559711.00,9089949.07,108.60
2022-04-30,2022,,4,,,,128542.02,8889356.12,203486.00,751825.61,764874.77,0.50,3.02,13088.32,1.03,116.38,103.77,45.70,125.90,48.20,287.51,105.78,103.32,65.31,24633637.00,8949839.65,97.14
2022-05-31,2022,,5,,,,131651.95,8919012.16,189048.00,842868.71,880078.93,0.50,3.02,13088.32,1.03,116.33,104.67,44.70,141.10,49.30,508.18,112.37,101.54,63.92,24636314.00,8889237.96,103.46
2022-06-30,2022,Q2,6,2585625.00,298489.58,12642353.00,119620.30,9000822.76,319666.00,873582.23,916632.42,0.50,3.04,13088.32,1.03,115.26,103.85,44.30,144.10,50.50,768.97,120.08,103.01,64.83,24545875.00,8855007.90,104.63
2022-07-31,2022,,7,,,,117259.71,9044360.80,256483.00,895012.78,846985.52,0.50,3.04,12989.20,2.15,112.66,101.03,45.50,130.40,49.40,1134.93,108.92,102.65,64.48,24521365.00,9149867.26,102.82
2022-08-31,2022,,8,,,,118054.55,9110892.07,201161.00,895165.63,847393.38,0.75,3.09,13701.61,1.22,114.34,102.48,46.30,142.20,49.60,1188.22,98.60,103.90,65.78,24593045.00,8846523.90,106.49
2022-09-30,2022,Q3,9,2548065.00,296700.29,12750743.00,119941.30,9163673.00,248841.00,858563.90,922852.54,1.00,3.17,13793.41,1.15,113.64,101.66,46.40,138.30,49.60,1259.27,90.16,103.22,65.39,24590623.00,8651237.91,107.34
2022-10-31,2022,,10,,,,127072.00,9222823.12,486514.00,757583.99,827421.67,1.00,3.30,14078.12,1.40,112.95,100.90,47.70,149.40,47.80,1467.37,93.13,97.55,61.48,24728608.00,8695357.14,103.23
2022-11-30,2022,,11,,,,127419.20,9235903.44,218927.00,773762.29,809984.30,1.25,3.36,13976.22,1.15,115.92,103.18,49.90,155.60,49.40,1721.49,91.07,97.66,61.23,24956718.00,8451001.91,104.85
2022-12-31,2022,Q4,12,2776940.00,325536.85,12780811.00,131448.77,9302526.11,278883.00,709309.55,756084.99,1.25,3.53,13950.46,0.96,118.42,105.24,50.40,149.20,48.40,2241.18,80.90,99.02,61.77,25001879.00,8491594.33,102.91
2023-01-31,2023,,1,,,,140996.79,9384171.93,229796.00,756589.95,682887.45,1.50,3.79,14068.54,1.22,121.91,107.75,51.30,135.10,49.80,2144.95,83.09,99.02,61.75,24975379.00,8255996.80,103.55
2023-02-28,2023,,2,,,,146998.49,9411656.05,254603.00,702381.93,764174.00,1.50,3.85,13807.19,0.88,119.92,105.99,52.50,137.10,50.60,2113.55,82.71,100.74,62.95,25122900.00,8595174.50,102.49
2023-03-31,2023,Q1,3,2851124.00,337469.37,12834327.00,156848.25,9475655.31,263110.00,771291.55,942513.16,1.75,3.90,13448.15,1.03,119.20,104.70,52.30,154.60,52.90,2269.73,78.53,99.86,62.17,25234947.00,8575977.36,106.43
2023-04-30,2023,,4,,,,162972.35,9566960.02,222839.00,724101.52,736966.67,1.75,4.03,13976.67,1.03,119.52,104.72,53.50,122.00,50.10,2182.10,84.11,95.16,59.14,25199189.00,8604607.56,92.86
2023-05-31,2023,,5,,,,166378.61,9599147.74,197158.00,809228.85,825647.15,2.00,4.07,14571.48,1.28,120.63,104.79,56.60,145.30,49.70,2013.85,75.70,98.72,60.61,25093785.00,8648482.72,102.76
2023-06-30,2023,Q2,6,2634713.00,324552.26,12910486.00,185730.79,9558050.39,340860.00,775332.22,857577.05,2.00,4.25,13596.57,0.89,119.32,103.99,56.10,141.80,51.00,2241.20,74.89,98.53,60.88,24973778.00,8853422.60,100.24
2023-07-31,2023,,7,,,,183454.76,9612165.44,233066.00,738602.75,767906.80,2.00,4.30,14144.72,1.15,120.21,104.49,53.30,131.50,49.30,2490.64,80.10,98.04,60.29,24919069.00,8628060.48,99.22
2023-08-31,2023,,8,,,,175095.07,9676757.05,198471.00,760407.19,817955.40,2.25,4.36,14486.00,0.98,120.44,104.98,53.40,134.20,48.90,2468.04,86.16,98.05,59.46,24907324.00,8647687.57,98.79
2023-09-30,2023,Q3,9,2588398.00,319093.41,12992853.00,175344.81,9779786.75,252511.00,758760.92,909906.77,2.50,4.42,13798.91,0.85,118.91,103.04,55.70,131.90,50.40,2130.60,94.00,98.13,59.22,25029515.00,8823635.02,98.00
2023-10-31,2023,,10,,,,167541.61,9779797.23,467421.00,793705.03,859898.96,2.50,4.52,14315.37,0.85,117.73,101.44,55.80,145.40,48.90,2197.02,91.06,95.95,58.44,25156438.00,8679211.09,95.50
2023-11-30,2023,,11,,,,153016.10,9780061.01,210186.00,812212.89,827531.74,2.50,4.55,14272.74,0.80,119.82,103.02,55.00,157.70,49.00,2637.08,83.18,96.82,59.22,25324709.00,8719390.43,96.40
2023-12-31,2023,Q4,12,2828147.00,329208.72,13099847.00,135618.92,9726709.15,273257.00,691793.66,784654.82,2.50,4.55,13728.44,0.79,120.09,102.64,54.80,141.80,49.10,3261.26,77.86,95.66,57.98,25481698.00,8706939.87,95.11
2024-01-31,2024,,1,,,,145135.13,9834969.94,218017.00,805730.96,779636.51,2.50,4.55,13977.18,1.08,119.73,101.82,54.50,135.80,48.00,3035.30,80.23,96.74,58.25,25558611.00,8936858.78,98.70
2024-02-29,2024,,2,,,,139689.94,9907022.19,172218.00,759123.05,831061.33,2.50,4.55,14031.88,0.98,118.51,100.71,54.20,140.70,48.80,3352.30,83.76,98.90,59.44,25764696.00,9046562.80,97.20
2024-03-31,2024,Q1,3,2899023.00,305224.41,13147475.00,141220.43,10087188.39,202390.00,841530.64,885754.61,2.50,4.54,13371.99,0.98,118.11,100.22,54.10,153.70,49.60,2982.72,85.45,96.41,58.37,25863321.00,9218688.68,99.99
2024-04-30,2024,,4,,,,136253.50,10141015.29,198690.00,828378.44,837200.04,2.50,4.55,13868.63,1.10,116.80,99.56,51.90,130.50,47.30,2757.13,90.05,97.56,60.04,25857288.00,9235536.93,92.70
2024-05-31,2024,,5,,,,130724.44,10269980.07,435274.00,840394.29,950077.43,2.50,4.55,14347.74,1.21,117.21,100.29,52.40,139.80,48.00,2633.46,82.00,96.87,58.93,25865337.00,9286374.85,98.43
2024-06-30,2024,Q2,6,2694894.00,297926.77,13120745.00,138979.76,10161260.99,293319.00,810150.37,899021.36,2.50,4.55,13848.48,0.93,117.55,100.07,52.30,137.80,48.70,2740.37,82.56,96.92,59.03,25720980.00,9309411.31,96.21
2024-07-31,2024,,7,,,,155556.03,10268969.42,213842.00,896643.89,927890.41,2.50,4.56,14303.63,1.07,118.81,101.04,49.70,137.20,46.90,3103.42,85.30,99.37,60.36,25714896.00,9219903.81,98.29
2024-08-31,2024,,8,,,,153181.29,10365460.59,211977.00,818752.92,903644.14,2.50,4.55,14917.24,1.10,121.51,103.27,,136.50,47.10,2963.15,80.86,96.51,59.41,25577526.00,8907480.46,99.41
2024-09-30,2024,Q3,9,2664915.00,352325.66,13124425.00,141718.96,10259126.22,431876.00,773706.22,856096.04,2.50,4.54,14243.23,0.84,125.20,106.42,,134.50,45.70,2521.01,74.29,95.29,58.36,25793826.00,8678716.59,98.10
2024-10-31,2024,,10,,,,140444.61,10418172.96,584019.00,849013.83,897274.34,2.25,4.46,14541.47,0.97,126.65,107.29,,155.40,47.00,2679.18,75.66,96.32,59.23,26194851.00,8924649.00,98.04
2024-11-30,2024,,11,,,,156052.59,10537406.13,248178.00,806894.28,876573.40,2.25,4.41,15067.65,0.94,124.98,105.66,,159.40,49.30,3150.24,74.40,94.34,57.99,26280476.00,9065679.36,98.77
2024-12-31,2024,Q4,12,2920669.00,352875.35,13177004.00,151228.32,10510067.13,332934.00,767067.30,831392.72,2.25,4.36,14104.09,0.78,127.13,107.04,,152.60,48.40,3627.44,73.83,94.13,58.35,26340781.00,8905139.35,96.87
2025-01-31,2025,,1,,,,159882.38,10625218.90,312425.00,843767.81,857601.46,2.25,4.35,,0.94,127.73,106.98,,,48.50,3709.10,79.21,95.78,58.69,26487271.00,8952730.08,99.41
2025-02-28,2025,,2,,,,168991.52,10688701.78,197997.00,744490.77,891950.57,2.00,4.32,,0.79,128.30,107.59,,,48.90,3119.45,75.16,94.91,58.47,26574656.00,9139749.79,97.35
2025-03-31,2025,Q1,3,2989920.00,,,175046.07,10775699.28,314524.00,865905.53,981050.34,2.00,4.23,,0.94,126.95,105.93,,,50.20,2720.46,72.57,96.43,59.07,26653178.00,9162739.33,101.05
2025-04-30,2025,,4,,,,154935.89,10843357.76,262537.00,891712.54,844535.69,1.75,4.22,,1.00,125.92,104.43,,,47.10,2547.12,67.75,99.22,60.53,26598033.00,9355202.11,92.75
2025-05-31,2025,,5,,,,,,,,,1.75,,,,127.65,,,,46.70,,64.21,98.58,59.87,,9123940.90,98.35
